FID,Id,dem,dist
0,0,3.349999905,0
1,0,3.390000105,0.5
2,0,3.390000105,1
3,0,3.380000114,1.5
4,0,3.380000114,2
5,0,3.390000105,2.5
6,0,3.390000105,3
7,0,3.369999886,3.5
8,0,3.369999886,4
9,0,3.380000114,4.5
10,0,3.380000114,5
11,0,3.380000114,5.5
12,0,3.380000114,6
13,0,3.349999905,6.5
14,0,3.349999905,7
15,0,3.359999895,7.5
16,0,3.359999895,8
17,0,3.369999886,8.5
18,0,3.369999886,9
19,0,3.369999886,9.5
20,0,3.369999886,10
21,0,3.380000114,10.5
22,0,3.380000114,11
23,0,3.390000105,11.5
24,0,3.390000105,12
25,0,3.440000057,12.5
26,0,3.440000057,13
27,0,3.440000057,13.5
28,0,3.440000057,14
29,0,3.440000057,14.5
30,0,3.440000057,15
31,0,3.440000057,15.5
32,0,3.440000057,16
33,0,3.440000057,16.5
34,0,3.440000057,17
35,0,3.440000057,17.5
36,0,3.470000029,18
37,0,3.470000029,18.5
38,0,3.089999914,19
39,0,3.089999914,19.5
40,0,2.730000019,20
41,0,2.730000019,20.5
42,0,2.710000038,21
43,0,2.710000038,21.5
44,0,2.75,22
45,0,2.75,22.5
46,0,2.809999943,23
47,0,2.809999943,23.5
48,0,2.700000048,24
49,0,2.700000048,24.5
50,0,2.579999924,25
51,0,2.579999924,25.5
52,0,2.5,26
53,0,2.5,26.5
54,0,2.420000076,27
55,0,2.420000076,27.5
56,0,2.309999943,28
57,0,2.309999943,28.5
58,0,2.230000019,29
59,0,2.230000019,29.5
60,0,2.230000019,30
61,0,2.230000019,30.5
62,0,2.24000001,31
63,0,2.24000001,31.5
64,0,2.190000057,32
65,0,2.190000057,32.5
66,0,2.160000086,33
67,0,2.160000086,33.5
68,0,2.099999905,34
69,0,2.099999905,34.5
70,0,2.019999981,35
71,0,2.019999981,35.5
72,0,2.049999952,36
73,0,2.049999952,36.5
74,0,2.049999952,37
75,0,2.049999952,37.5
76,0,2.130000114,38
77,0,2.140000105,38.5
78,0,2.220000029,39
79,0,2.220000029,39.5
80,0,2.220000029,40
81,0,2.24000001,40.5
82,0,2.24000001,41
83,0,2.24000001,41.5
84,0,2.24000001,42
85,0,2.160000086,42.5
86,0,2.160000086,43
87,0,2.140000105,43.5
88,0,2.140000105,44
89,0,2.140000105,44.5
90,0,2.140000105,45
91,0,2.069999933,45.5
92,0,2.069999933,46
93,0,1.960000038,46.5
94,0,1.960000038,47
95,0,1.919999957,47.5
96,0,1.919999957,48
97,0,1.879999995,48.5
98,0,1.879999995,49
99,0,1.850000024,49.5
100,0,1.850000024,50
101,0,1.889999986,50.5
102,0,1.889999986,51
103,0,1.820000052,51.5
104,0,1.820000052,52
105,0,1.769999981,52.5
106,0,1.730000019,53
107,0,1.75999999,53.5
108,0,1.75999999,54
109,0,1.639999986,54.5
110,0,1.639999986,55
111,0,1.470000029,55.5
112,0,1.470000029,56
113,0,1.279999971,56.5
114,0,1.279999971,57
115,0,1.25,57.5
116,0,1.230000019,58
117,0,1.25,58.5
118,0,1.25,59
119,0,1.25,59.5
120,0,1.25,60
121,0,1.230000019,60.5
122,0,1.230000019,61
123,0,1.450000048,61.5
124,0,1.450000048,62
125,0,1.649999976,62.5
126,0,1.779999971,63
127,0,1.779999971,63.5
128,0,1.879999995,64
129,0,1.879999995,64.5
130,0,1.889999986,65
131,0,1.889999986,65.5
132,0,1.940000057,66
133,0,1.940000057,66.5
134,0,1.970000029,67
135,0,1.970000029,67.5
136,0,1.879999995,68
137,0,1.879999995,68.5
138,0,1.929999948,69
139,0,1.929999948,69.5
140,0,1.940000057,70
141,0,1.940000057,70.5
142,0,1.870000005,71
143,0,1.870000005,71.5
144,0,1.75,72
145,0,1.799999952,72.5
146,0,1.789999962,73
147,0,1.789999962,73.5
148,0,1.75,74
149,0,1.75,74.5
150,0,1.690000057,75
151,0,1.690000057,75.5
152,0,1.700000048,76
153,0,1.700000048,76.5
154,0,1.730000019,77
155,0,1.700000048,77.5
156,0,1.75999999,78
157,0,1.75999999,78.5
158,0,1.75999999,79
159,0,1.75999999,79.5
160,0,1.710000038,80
161,0,1.710000038,80.5
162,0,1.679999948,81
163,0,1.679999948,81.5
164,0,1.659999967,82
165,0,1.639999986,82.5
166,0,1.720000029,83
167,0,1.720000029,83.5
168,0,1.720000029,84
169,0,1.720000029,84.5
170,0,1.700000048,85
171,0,1.700000048,85.5
172,0,1.629999995,86
173,0,1.629999995,86.5
174,0,1.570000052,87
175,0,1.559999943,87.5
176,0,1.559999943,88
177,0,1.620000005,88.5
178,0,1.620000005,89
179,0,1.639999986,89.5
180,0,1.639999986,90
181,0,1.649999976,90.5
182,0,1.649999976,91
183,0,1.649999976,91.5
184,0,1.610000014,92
185,0,1.620000005,92.5
186,0,1.620000005,93
187,0,1.600000024,93.5
188,0,1.600000024,94
189,0,1.570000052,94.5
190,0,1.570000052,95
191,0,1.600000024,95.5
192,0,1.600000024,96
193,0,1.649999976,96.5
194,0,1.570000052,97
195,0,1.590000033,97.5
196,0,1.590000033,98
197,0,1.629999995,98.5
198,0,1.629999995,99
199,0,1.659999967,99.5
200,0,1.659999967,100
201,0,1.74000001,100.5
202,0,1.74000001,101
203,0,1.789999962,101.5
204,0,1.74000001,102
205,0,1.879999995,102.5
206,0,1.879999995,103
207,0,1.879999995,103.5
208,0,1.879999995,104
209,0,1.850000024,104.5
210,0,1.850000024,105
211,0,1.830000043,105.5
212,0,1.830000043,106
213,0,2.069999933,106.5
214,0,2.069999933,107
215,0,2.089999914,107.5
216,0,2.089999914,108
217,0,2.099999905,108.5
218,0,2.099999905,109
219,0,2.130000114,109.5
220,0,2.130000114,110
221,0,2.130000114,110.5
222,0,2.160000086,111
223,0,2.170000076,111.5
224,0,2.140000105,112
225,0,2.140000105,112.5
226,0,2.160000086,113
227,0,2.160000086,113.5
228,0,2.180000067,114
229,0,2.180000067,114.5
230,0,2.170000076,115
231,0,2.170000076,115.5
232,0,2.170000076,116
233,0,2.230000019,116.5
234,0,2.200000048,117
235,0,2.200000048,117.5
236,0,2.190000057,118
237,0,2.190000057,118.5
238,0,2.170000076,119
239,0,2.170000076,119.5
240,0,2.180000067,120
241,0,2.180000067,120.5
242,0,2.339999914,121
243,0,2.339999914,121.5
244,0,2.349999905,122
245,0,2.349999905,122.5
246,0,2.299999952,123
247,0,2.299999952,123.5
248,0,2.329999924,124
249,0,2.329999924,124.5
250,0,2.339999914,125
251,0,2.339999914,125.5
252,0,2.410000086,126
253,0,2.410000086,126.5
254,0,2.390000105,127
255,0,2.390000105,127.5
256,0,2.369999886,128
257,0,2.369999886,128.5
258,0,2.339999914,129
259,0,2.339999914,129.5
260,0,2.319999933,130
261,0,2.319999933,130.5
262,0,2.440000057,131
263,0,2.440000057,131.5
264,0,2.470000029,132
265,0,2.470000029,132.5
266,0,2.460000038,133
267,0,2.460000038,133.5
268,0,2.460000038,134
269,0,2.390000105,134.5
270,0,2.390000105,135
271,0,2.369999886,135.5
272,0,2.519999981,136
273,0,2.519999981,136.5
274,0,2.519999981,137
275,0,2.5,137.5
276,0,2.5,138
277,0,2.49000001,138.5
278,0,2.49000001,139
279,0,2.480000019,139.5
280,0,2.480000019,140
281,0,2.619999886,140.5
282,0,2.619999886,141
283,0,2.619999886,141.5
284,0,2.619999886,142
285,0,2.630000114,142.5
286,0,2.630000114,143
287,0,2.619999886,143.5
288,0,2.619999886,144
289,0,2.650000095,144.5
290,0,2.650000095,145
291,0,2.75,145.5
292,0,2.75,146
293,0,2.74000001,146.5
294,0,2.74000001,147
295,0,2.75,147.5
296,0,2.75,148
297,0,2.75,148.5
298,0,2.75,149
299,0,2.769999981,149.5
300,0,2.769999981,150
301,0,2.880000114,150.5
302,0,2.880000114,151
303,0,2.880000114,151.5
304,0,2.880000114,152
305,0,2.900000095,152.5
306,0,2.900000095,153
307,0,2.890000105,153.5
308,0,2.890000105,154
309,0,2.890000105,154.5
310,0,2.980000019,155
311,0,2.99000001,155.5
312,0,2.99000001,156
313,0,2.99000001,156.5
314,0,2.99000001,157
315,0,2.99000001,157.5
316,0,2.99000001,158
317,0,2.99000001,158.5
318,0,3,159
319,0,3,159.5
320,0,3.00999999,160
321,0,3.00999999,160.5
322,0,2.980000019,161
323,0,2.980000019,161.5
324,0,2.960000038,162
325,0,2.960000038,162.5
326,0,2.910000086,163
327,0,2.910000086,163.5
328,0,2.859999895,164
329,0,2.859999895,164.5
330,0,2.880000114,165
331,0,2.880000114,165.5
332,0,2.839999914,166
333,0,2.839999914,166.5
334,0,2.809999943,167
335,0,2.809999943,167.5
336,0,2.769999981,168
337,0,2.769999981,168.5
338,0,2.779999971,169
339,0,2.779999971,169.5
340,0,2.839999914,170
341,0,2.839999914,170.5
342,0,2.839999914,171
343,0,2.839999914,171.5
344,0,2.849999905,172
345,0,2.849999905,172.5
346,0,2.849999905,173
347,0,2.849999905,173.5
348,0,2.880000114,174
349,0,2.970000029,174.5
350,0,2.99000001,175
351,0,2.99000001,175.5
352,0,3,176
353,0,3,176.5
354,0,3.049999952,177
355,0,3.049999952,177.5
356,0,3.099999905,178
357,0,3.099999905,178.5
358,0,3.140000105,179
359,0,3.180000067,179.5
360,0,3.180000067,180
361,0,3.210000038,180.5
362,0,3.210000038,181
363,0,3.25,181.5
364,0,3.25,182
365,0,3.279999971,182.5
366,0,3.279999971,183
367,0,3.279999971,183.5
368,0,3.279999971,184
369,0,3.329999924,184.5
370,0,3.329999924,185
371,0,3.329999924,185.5
372,0,3.329999924,186
373,0,3.299999952,186.5
374,0,3.299999952,187
375,0,3.329999924,187.5
376,0,3.329999924,188
377,0,3.299999952,188.5
378,0,3.329999924,189
379,0,3.309999943,189.5
380,0,3.309999943,190
381,0,3.329999924,190.5
382,0,3.329999924,191
383,0,3.329999924,191.5
384,0,3.329999924,192
385,0,3.319999933,192.5
386,0,3.319999933,193
387,0,3.299999952,193.5
388,0,3.329999924,194
389,0,3.329999924,194.5
390,0,3.329999924,195
391,0,3.309999943,195.5
392,0,3.309999943,196
393,0,3.299999952,196.5
394,0,3.299999952,197
395,0,3.319999933,197.5
396,0,3.319999933,198
397,0,3.309999943,198.5
398,0,3.299999952,199
399,0,3.319999933,199.5
400,0,3.319999933,200
401,0,3.309999943,200.5
402,0,3.309999943,201
403,0,3.299999952,201.5
404,0,3.299999952,202
405,0,3.309999943,202.5
406,0,3.309999943,203
407,0,3.309999943,203.5
408,0,3.279999971,204
409,0,3.279999971,204.5
410,0,3.289999962,205
411,0,3.289999962,205.5
412,0,3.279999971,206
413,0,3.279999971,206.5
414,0,3.269999981,207
415,0,3.269999981,207.5
416,0,3.25,208
417,0,3.24000001,208.5
418,0,3.25999999,209
419,0,3.25999999,209.5
420,0,3.230000019,210
421,0,3.230000019,210.5
422,0,3.210000038,211
423,0,3.210000038,211.5
424,0,3.190000057,212
425,0,3.190000057,212.5
426,0,3.180000067,213
427,0,3.210000038,213.5
428,0,3.210000038,214
429,0,3.210000038,214.5
430,0,3.170000076,215
431,0,3.170000076,215.5
432,0,3.190000057,216
433,0,3.190000057,216.5
434,0,3.180000067,217
435,0,3.180000067,217.5
436,0,3.180000067,218
437,0,3.200000048,218.5
438,0,3.230000019,219
439,0,3.230000019,219.5
440,0,3.230000019,220
441,0,3.230000019,220.5
442,0,3.200000048,221
443,0,3.200000048,221.5
444,0,3.230000019,222
445,0,3.230000019,222.5
446,0,3.25999999,223
447,0,3.25999999,223.5
448,0,3.269999981,224
449,0,3.269999981,224.5
450,0,3.289999962,225
451,0,3.289999962,225.5
452,0,3.279999971,226
453,0,3.279999971,226.5
454,0,3.279999971,227
455,0,3.279999971,227.5
456,0,3.299999952,228
457,0,3.299999952,228.5
458,0,3.299999952,229
459,0,3.289999962,229.5
460,0,3.289999962,230
461,0,3.289999962,230.5
462,0,3.289999962,231
463,0,3.289999962,231.5
464,0,3.289999962,232
465,0,3.279999971,232.5
466,0,3.299999952,233
467,0,3.289999962,233.5
468,0,3.289999962,234
469,0,3.289999962,234.5
470,0,3.289999962,235
471,0,3.289999962,235.5
472,0,3.289999962,236
473,0,3.289999962,236.5
474,0,3.289999962,237
475,0,3.289999962,237.5
476,0,3.299999952,238
477,0,3.289999962,238.5
478,0,3.289999962,239
479,0,3.299999952,239.5
480,0,3.299999952,240
481,0,3.289999962,240.5
482,0,3.289999962,241
483,0,3.289999962,241.5
484,0,3.289999962,242
485,0,3.319999933,242.5
486,0,3.319999933,243
487,0,3.329999924,243.5
488,0,3.329999924,244
489,0,3.309999943,244.5
490,0,3.309999943,245
491,0,3.309999943,245.5
492,0,3.309999943,246
493,0,3.319999933,246.5
494,0,3.319999933,247
495,0,3.309999943,247.5
496,0,3.309999943,248
497,0,3.309999943,248.5
498,0,3.309999943,249
499,0,3.299999952,249.5
500,0,3.299999952,250
501,0,3.299999952,250.5
502,0,3.319999933,251
503,0,3.319999933,251.5
504,0,3.299999952,252
505,0,3.319999933,252.5
506,0,3.329999924,253
507,0,3.329999924,253.5
508,0,3.299999952,254
509,0,3.299999952,254.5
510,0,3.299999952,255
511,0,3.299999952,255.5
512,0,3.309999943,256
513,0,3.309999943,256.5
514,0,3.299999952,257
515,0,3.299999952,257.5
516,0,3.309999943,258
517,0,3.309999943,258.5
518,0,3.309999943,259
519,0,3.309999943,259.5
520,0,3.299999952,260
521,0,3.299999952,260.5
522,0,3.269999981,261
523,0,3.269999981,261.5
524,0,3.289999962,262
525,0,3.289999962,262.5
526,0,3.25999999,263
527,0,3.25999999,263.5
528,0,3.25999999,264
529,0,3.25999999,264.5
530,0,3.230000019,265
531,0,3.230000019,265.5
532,0,3.25999999,266
533,0,3.25999999,266.5
534,0,3.25999999,267
535,0,3.25999999,267.5
536,0,3.25,268
537,0,3.25,268.5
538,0,3.25999999,269
539,0,3.25999999,269.5
540,0,3.269999981,270
541,0,3.269999981,270.5
542,0,3.25,271
543,0,3.25,271.5
544,0,3.279999971,272
545,0,3.279999971,272.5
546,0,3.279999971,273
547,0,3.279999971,273.5
548,0,3.279999971,274
549,0,3.269999981,274.5
550,0,3.269999981,275
551,0,3.269999981,275.5
552,0,3.269999981,276
553,0,3.299999952,276.5
554,0,3.299999952,277
555,0,3.289999962,277.5
556,0,3.289999962,278
557,0,3.269999981,278.5
558,0,3.269999981,279
559,0,3.24000001,279.5
560,0,3.24000001,280
561,0,3.269999981,280.5
562,0,3.269999981,281
563,0,3.25,281.5
564,0,3.25,282
565,0,3.25,282.5
566,0,3.25,283
567,0,3.25,283.5
568,0,3.25,284
569,0,3.220000029,284.5
570,0,3.220000029,285
571,0,3.210000038,285.5
572,0,3.210000038,286
573,0,3.220000029,286.5
574,0,3.220000029,287
575,0,3.230000019,287.5
576,0,3.230000019,288
577,0,3.230000019,288.5
578,0,3.230000019,289
579,0,3.220000029,289.5
580,0,3.220000029,290
581,0,3.220000029,290.5
582,0,3.220000029,291
583,0,3.220000029,291.5
584,0,3.220000029,292
585,0,3.220000029,292.5
586,0,3.220000029,293
587,0,3.210000038,293.5
588,0,3.210000038,294
589,0,3.210000038,294.5
590,0,3.210000038,295
591,0,3.210000038,295.5
592,0,3.220000029,296
593,0,3.220000029,296.5
594,0,3.210000038,297
595,0,3.210000038,297.5
596,0,3.190000057,298
597,0,3.190000057,298.5
598,0,3.190000057,299
599,0,3.190000057,299.5
600,0,3.190000057,300
601,0,3.190000057,300.5
602,0,3.190000057,301
603,0,3.190000057,301.5
604,0,3.180000067,302
605,0,3.180000067,302.5
606,0,3.170000076,303
607,0,3.170000076,303.5
608,0,3.180000067,304
609,0,3.180000067,304.5
610,0,3.160000086,305
611,0,3.160000086,305.5
612,0,3.150000095,306
613,0,3.150000095,306.5
614,0,3.160000086,307
615,0,3.160000086,307.5
616,0,3.150000095,308
617,0,3.150000095,308.5
618,0,3.140000105,309
619,0,3.140000105,309.5
620,0,3.130000114,310
621,0,3.119999886,310.5
622,0,3.119999886,311
623,0,3.119999886,311.5
624,0,3.099999905,312
625,0,3.099999905,312.5
626,0,3.089999914,313
627,0,3.089999914,313.5
628,0,3.089999914,314
629,0,3.089999914,314.5
630,0,3.069999933,315
631,0,3.079999924,315.5
632,0,3.069999933,316
633,0,3.069999933,316.5
634,0,3.059999943,317
635,0,3.059999943,317.5
636,0,3.039999962,318
637,0,3.039999962,318.5
638,0,3.049999952,319
639,0,3.049999952,319.5
640,0,3.049999952,320
641,0,3.039999962,320.5
642,0,3.039999962,321
643,0,3.029999971,321.5
644,0,3.029999971,322
645,0,3.039999962,322.5
646,0,3.039999962,323
647,0,3.029999971,323.5
648,0,3.029999971,324
649,0,3.019999981,324.5
650,0,3.029999971,325
651,0,3.00999999,325.5
652,0,3.00999999,326
653,0,3.00999999,326.5
654,0,3.00999999,327
655,0,3.00999999,327.5
656,0,3.00999999,328
657,0,3,328.5
658,0,3,329
659,0,2.980000019,329.5
660,0,2.99000001,330
661,0,3,330.5
662,0,3,331
663,0,3.019999981,331.5
664,0,3.019999981,332
665,0,3,332.5
666,0,3,333
667,0,2.980000019,333.5
668,0,2.980000019,334
669,0,2.960000038,334.5
670,0,2.99000001,335
671,0,3,335.5
672,0,3,336
673,0,2.960000038,336.5
674,0,2.960000038,337
675,0,2.930000067,337.5
676,0,2.930000067,338
677,0,2.900000095,338.5
678,0,2.900000095,339
679,0,2.900000095,339.5
680,0,2.920000076,340
681,0,2.890000105,340.5
682,0,2.890000105,341
683,0,2.890000105,341.5
684,0,2.890000105,342
685,0,2.890000105,342.5
686,0,2.890000105,343
687,0,2.890000105,343.5
688,0,2.859999895,344
689,0,2.849999905,344.5
690,0,2.829999924,345
691,0,2.829999924,345.5
692,0,2.829999924,346
693,0,2.829999924,346.5
694,0,2.769999981,347
695,0,2.769999981,347.5
696,0,2.769999981,348
697,0,2.769999981,348.5
698,0,2.720000029,349
699,0,2.730000019,349.5
700,0,2.710000038,350
701,0,2.710000038,350.5
702,0,2.660000086,351
703,0,2.660000086,351.5
704,0,2.609999895,352
705,0,2.609999895,352.5
706,0,2.569999933,353
707,0,2.569999933,353.5
708,0,2.539999962,354
709,0,2.569999933,354.5
710,0,2.559999943,355
711,0,2.559999943,355.5
712,0,2.549999952,356
713,0,2.549999952,356.5
714,0,2.539999962,357
715,0,2.539999962,357.5
716,0,2.549999952,358
717,0,2.549999952,358.5
718,0,2.549999952,359
719,0,2.549999952,359.5
720,0,2.5,360
721,0,2.5,360.5
722,0,2.519999981,361
723,0,2.519999981,361.5
724,0,2.480000019,362
725,0,2.480000019,362.5
726,0,2.460000038,363
727,0,2.460000038,363.5
728,0,2.450000048,364
729,0,2.450000048,364.5
730,0,2.390000105,365
731,0,2.390000105,365.5
732,0,2.25999999,366
733,0,2.25999999,366.5
734,0,2.25999999,367
735,0,2.099999905,367.5
736,0,2.099999905,368
737,0,2.029999971,368.5
738,0,2.150000095,369
739,0,2.069999933,369.5
740,0,2.069999933,370
741,0,2.00999999,370.5
742,0,2.00999999,371
743,0,2,371.5
744,0,2,372
745,0,1.980000019,372.5
746,0,1.980000019,373
747,0,1.970000029,373.5
748,0,1.99000001,374
749,0,1.99000001,374.5
750,0,1.99000001,375
751,0,1.980000019,375.5
752,0,1.980000019,376
753,0,2.019999981,376.5
754,0,2.019999981,377
755,0,1.950000048,377.5
756,0,1.950000048,378
757,0,2.019999981,378.5
758,0,2.019999981,379
759,0,2.039999962,379.5
760,0,2.039999962,380
761,0,2,380.5
762,0,2,381
763,0,2.039999962,381.5
764,0,2.039999962,382
765,0,2.079999924,382.5
766,0,2.079999924,383
767,0,2.180000067,383.5
768,0,2.180000067,384
769,0,2.059999943,384.5
770,0,2.059999943,385
771,0,2.019999981,385.5
772,0,2.019999981,386
773,0,2.019999981,386.5
774,0,2.019999981,387
775,0,2.00999999,387.5
776,0,2.00999999,388
777,0,2.180000067,388.5
778,0,2.180000067,389
779,0,2.099999905,389.5
780,0,2.099999905,390
781,0,2.099999905,390.5
782,0,2.039999962,391
783,0,2.039999962,391.5
784,0,1.950000048,392
785,0,1.950000048,392.5
786,0,2,393
787,0,2,393.5
788,0,1.950000048,394
789,0,1.950000048,394.5
790,0,1.919999957,395
791,0,1.919999957,395.5
792,0,1.850000024,396
793,0,1.850000024,396.5
794,0,1.769999981,397
795,0,1.769999981,397.5
796,0,1.840000033,398
797,0,1.840000033,398.5
798,0,1.820000052,399
799,0,1.820000052,399.5
800,0,1.799999952,400
801,0,1.799999952,400.5
802,0,1.850000024,401
803,0,1.850000024,401.5
804,0,1.850000024,402
805,0,1.850000024,402.5
806,0,1.879999995,403
807,0,1.879999995,403.5
808,0,1.850000024,404
809,0,1.850000024,404.5
810,0,1.830000043,405
811,0,1.830000043,405.5
812,0,1.820000052,406
813,0,1.820000052,406.5
814,0,1.820000052,407
815,0,1.820000052,407.5
816,0,1.809999943,408
817,0,1.809999943,408.5
818,0,1.769999981,409
819,0,1.769999981,409.5
820,0,1.789999962,410
821,0,1.789999962,410.5
822,0,1.779999971,411
823,0,1.779999971,411.5
824,0,1.720000029,412
825,0,1.720000029,412.5
826,0,1.659999967,413
827,0,1.659999967,413.5
828,0,1.659999967,414
829,0,1.659999967,414.5
830,0,1.659999967,415
831,0,1.639999986,415.5
832,0,1.639999986,416
833,0,1.549999952,416.5
834,0,1.549999952,417
835,0,1.470000029,417.5
836,0,1.470000029,418
837,0,1.399999976,418.5
838,0,1.399999976,419
839,0,1.350000024,419.5
840,0,1.350000024,420
841,0,1.340000033,420.5
842,0,1.340000033,421
843,0,1.320000052,421.5
844,0,1.320000052,422
845,0,1.299999952,422.5
846,0,1.299999952,423
847,0,1.279999971,423.5
848,0,1.279999971,424
849,0,1.269999981,424.5
850,0,1.269999981,425
851,0,1.25,425.5
852,0,1.25,426
853,0,1.269999981,426.5
854,0,1.279999971,427
855,0,1.299999952,427.5
856,0,1.299999952,428
857,0,1.269999981,428.5
858,0,1.269999981,429
859,0,1.279999971,429.5
860,0,1.279999971,430
861,0,1.25999999,430.5
862,0,1.25999999,431
863,0,1.25999999,431.5
864,0,1.25,432
865,0,1.25999999,432.5
866,0,1.25999999,433
867,0,1.25999999,433.5
868,0,1.25999999,434
869,0,1.25999999,434.5
870,0,1.25999999,435
871,0,1.230000019,435.5
872,0,1.230000019,436
873,0,1.230000019,436.5
874,0,1.24000001,437
875,0,1.24000001,437.5
876,0,1.24000001,438
877,0,1.24000001,438.5
878,0,1.269999981,439
879,0,1.269999981,439.5
880,0,1.309999943,440
881,0,1.309999943,440.5
882,0,1.340000033,441
883,0,1.340000033,441.5
884,0,1.24000001,442
885,0,1.24000001,442.5
886,0,1.190000057,443
887,0,1.190000057,443.5
888,0,1.139999986,444
889,0,1.139999986,444.5
890,0,1.169999957,445
891,0,1.169999957,445.5
892,0,1.110000014,446
893,0,1.110000014,446.5
894,0,1.019999981,447
895,0,1.019999981,447.5
896,0,0.930000007,448
897,0,0.930000007,448.5
898,0,0.889999986,449
899,0,0.889999986,449.5
900,0,0.889999986,450
901,0,0.889999986,450.5
902,0,0.889999986,451
903,0,0.889999986,451.5
904,0,0.889999986,452
905,0,0.889999986,452.5
906,0,0.889999986,453
907,0,0.889999986,453.5
908,0,0.889999986,454
909,0,0.889999986,454.5
910,0,0.889999986,455
911,0,0.889999986,455.5
912,0,0.889999986,456
913,0,0.889999986,456.5
914,0,0.889999986,457
915,0,0.889999986,457.5
916,0,0.889999986,458
917,0,0.889999986,458.5
918,0,0.889999986,459
919,0,0.889999986,459.5
920,0,0.889999986,460
921,0,0.889999986,460.5
922,0,0.889999986,461
923,0,0.889999986,461.5
924,0,0.889999986,462
925,0,0.889999986,462.5
926,0,0.889999986,463
927,0,0.889999986,463.5
928,0,0.889999986,464
929,0,0.889999986,464.5
930,0,0.889999986,465
931,0,0.889999986,465.5
932,0,0.889999986,466
933,0,0.889999986,466.5
934,0,0.889999986,467
935,0,0.889999986,467.5
936,0,0.889999986,468
937,0,0.889999986,468.5
938,0,0.889999986,469
939,0,0.889999986,469.5
940,0,0.889999986,470
941,0,0.889999986,470.5
942,0,0.889999986,471
943,0,0.889999986,471.5
944,0,0.889999986,472
945,0,0.889999986,472.5
946,0,0.889999986,473
947,0,0.889999986,473.5
948,0,0.889999986,474
949,0,0.889999986,474.5
950,0,0.889999986,475
951,0,0.939999998,475.5
952,0,0.889999986,476
953,0,0.889999986,476.5
954,0,0.889999986,477
955,0,0.939999998,477.5
956,0,0.939999998,478
957,0,0.959999979,478.5
958,0,0.959999979,479
959,0,0.980000019,479.5
960,0,0.980000019,480
961,0,0.930000007,480.5
962,0,0.930000007,481
963,0,1.070000052,481.5
964,0,1.070000052,482
965,0,1.059999943,482.5
966,0,1.059999943,483
967,0,1.059999943,483.5
968,0,1.129999995,484
969,0,1.129999995,484.5
970,0,1.340000033,485
971,0,1.190000057,485.5
972,0,1.429999948,486
973,0,1.429999948,486.5
974,0,1.49000001,487
975,0,1.49000001,487.5
976,0,1.590000033,488
977,0,1.590000033,488.5
978,0,1.700000048,489
979,0,1.700000048,489.5
980,0,1.700000048,490
981,0,1.639999986,490.5
982,0,1.690000057,491
983,0,1.690000057,491.5
984,0,1.679999948,492
985,0,1.679999948,492.5
986,0,1.669999957,493
987,0,1.669999957,493.5
988,0,1.620000005,494
989,0,1.620000005,494.5
990,0,1.299999952,495
991,0,1.299999952,495.5
992,0,1.029999971,496
993,0,1.029999971,496.5
994,0,0.889999986,497
995,0,0.889999986,497.5
996,0,0.889999986,498
997,0,0.889999986,498.5
998,0,0.889999986,499
999,0,0.889999986,499.5
1000,0,0.889999986,500
1001,0,0.889999986,500.5
1002,0,0.889999986,501
1003,0,0.889999986,501.5
1004,0,0.980000019,502
1005,0,0.980000019,502.5
1006,0,1.029999971,503
1007,0,1.029999971,503.5
1008,0,1.100000024,504
1009,0,1.100000024,504.5
1010,0,1.159999967,505
1011,0,1.159999967,505.5
1012,0,1.200000048,506
1013,0,1.200000048,506.5
1014,0,1.200000048,507
1015,0,1.25,507.5
1016,0,1.25,508
1017,0,1.279999971,508.5
1018,0,1.279999971,509
1019,0,1.309999943,509.5
1020,0,1.330000043,510
1021,0,1.340000033,510.5
1022,0,1.340000033,511
1023,0,1.480000019,511.5
1024,0,1.480000019,512
1025,0,1.580000043,512.5
1026,0,1.580000043,513
1027,0,1.659999967,513.5
1028,0,1.659999967,514
1029,0,1.649999976,514.5
1030,0,1.649999976,515
1031,0,1.720000029,515.5
1032,0,1.720000029,516
1033,0,1.690000057,516.5
1034,0,1.690000057,517
1035,0,1.639999986,517.5
1036,0,1.639999986,518
1037,0,1.580000043,518.5
1038,0,1.580000043,519
1039,0,1.620000005,519.5
1040,0,1.620000005,520
1041,0,1.649999976,520.5
1042,0,1.649999976,521
1043,0,1.720000029,521.5
1044,0,1.720000029,522
1045,0,1.820000052,522.5
1046,0,1.820000052,523
1047,0,1.830000043,523.5
1048,0,1.830000043,524
1049,0,1.909999967,524.5
1050,0,1.909999967,525
1051,0,1.929999948,525.5
1052,0,1.929999948,526
1053,0,1.909999967,526.5
1054,0,1.909999967,527
1055,0,2.039999962,527.5
1056,0,2.039999962,528
1057,0,2.119999886,528.5
1058,0,2.099999905,529
1059,0,2.00999999,529.5
1060,0,2.00999999,530
1061,0,2.00999999,530.5
1062,0,2.029999971,531
1063,0,2.029999971,531.5
1064,0,2.049999952,532
1065,0,2.049999952,532.5
1066,0,2.069999933,533
1067,0,2.069999933,533.5
1068,0,2.160000086,534
1069,0,2.160000086,534.5
1070,0,2.230000019,535
1071,0,2.230000019,535.5
1072,0,2.269999981,536
1073,0,2.269999981,536.5
1074,0,2.299999952,537
1075,0,2.299999952,537.5
1076,0,2.309999943,538
1077,0,2.309999943,538.5
1078,0,2.400000095,539
1079,0,2.400000095,539.5
1080,0,2.380000114,540
1081,0,2.380000114,540.5
1082,0,2.380000114,541
1083,0,2.380000114,541.5
1084,0,2.440000057,542
1085,0,2.440000057,542.5
1086,0,2.470000029,543
1087,0,2.470000029,543.5
1088,0,2.50999999,544
1089,0,2.50999999,544.5
1090,0,2.569999933,545
1091,0,2.569999933,545.5
1092,0,2.529999971,546
1093,0,2.529999971,546.5
1094,0,2.549999952,547
1095,0,2.549999952,547.5
1096,0,2.539999962,548
1097,0,2.470000029,548.5
1098,0,2.470000029,549
1099,0,2.470000029,549.5
1100,0,2.569999933,550
1101,0,2.569999933,550.5
1102,0,2.609999895,551
1103,0,2.609999895,551.5
1104,0,2.630000114,552
1105,0,2.630000114,552.5
1106,0,2.640000105,553
1107,0,2.700000048,553.5
1108,0,2.700000048,554
1109,0,2.680000067,554.5
1110,0,2.680000067,555
1111,0,2.690000057,555.5
1112,0,2.690000057,556
1113,0,2.680000067,556.5
1114,0,2.680000067,557
1115,0,2.660000086,557.5
1116,0,2.660000086,558
1117,0,2.710000038,558.5
1118,0,2.710000038,559
1119,0,2.769999981,559.5
1120,0,2.769999981,560
1121,0,2.75,560.5
1122,0,2.75,561
1123,0,2.779999971,561.5
1124,0,2.779999971,562
1125,0,2.819999933,562.5
1126,0,2.849999905,563
1127,0,2.900000095,563.5
1128,0,2.900000095,564
1129,0,2.910000086,564.5
1130,0,2.910000086,565
1131,0,2.940000057,565.5
1132,0,2.940000057,566
1133,0,2.940000057,566.5
1134,0,2.940000057,567
1135,0,2.910000086,567.5
1136,0,2.930000067,568
1137,0,2.940000057,568.5
1138,0,2.940000057,569
1139,0,2.980000019,569.5
1140,0,2.980000019,570
1141,0,2.99000001,570.5
1142,0,2.99000001,571
1143,0,2.940000057,571.5
1144,0,2.940000057,572
1145,0,3.019999981,572.5
1146,0,3.049999952,573
1147,0,3.230000019,573.5
1148,0,3.230000019,574
1149,0,3.329999924,574.5
1150,0,3.329999924,575
1151,0,3.390000105,575.5
1152,0,3.390000105,576
1153,0,3.390000105,576.5
1154,0,3.380000114,577
1155,0,3.369999886,577.5
1156,0,3.460000038,578
1157,0,3.460000038,578.5
1158,0,3.519999981,579
1159,0,3.519999981,579.5
1160,0,3.460000038,580
1161,0,3.460000038,580.5
1162,0,3.440000057,581
1163,0,3.440000057,581.5
1164,0,3.470000029,582
1165,0,3.420000076,582.5
1166,0,3.440000057,583
1167,0,3.440000057,583.5
1168,0,3.460000038,584
1169,0,3.460000038,584.5
1170,0,3.5,585
1171,0,3.5,585.5
1172,0,3.539999962,586
1173,0,3.539999962,586.5
1174,0,3.579999924,587
1175,0,3.579999924,587.5
1176,0,3.579999924,588
1177,0,3.579999924,588.5
1178,0,3.630000114,589
1179,0,3.630000114,589.5
1180,0,3.670000076,590
1181,0,3.670000076,590.5
1182,0,3.680000067,591
1183,0,3.680000067,591.5
1184,0,3.680000067,592
1185,0,3.710000038,592.5
1186,0,3.730000019,593
1187,0,3.730000019,593.5
1188,0,3.75,594
1189,0,3.75,594.5
1190,0,3.789999962,595
1191,0,3.789999962,595.5
1192,0,3.829999924,596
1193,0,3.829999924,596.5
1194,0,3.869999886,597
1195,0,3.869999886,597.5
1196,0,3.900000095,598
1197,0,3.900000095,598.5
1198,0,3.920000076,599
1199,0,3.920000076,599.5
1200,0,3.920000076,600
1201,0,3.940000057,600.5
1202,0,3.940000057,601
1203,0,3.940000057,601.5
1204,0,3.940000057,602
1205,0,4.010000229,602.5
1206,0,4.010000229,603
1207,0,4.039999962,603.5
1208,0,4.039999962,604
1209,0,4.039999962,604.5
1210,0,4.039999962,605
1211,0,4.099999905,605.5
1212,0,4.099999905,606
1213,0,4.110000134,606.5
1214,0,4.130000114,607
1215,0,4.210000038,607.5
1216,0,4.210000038,608
1217,0,4.199999809,608.5
1218,0,4.199999809,609
1219,0,4.199999809,609.5
1220,0,4.199999809,610
1221,0,4.230000019,610.5
1222,0,4.230000019,611
1223,0,4.269999981,611.5
1224,0,4.269999981,612
1225,0,4.260000229,612.5
1226,0,4.260000229,613
1227,0,4.289999962,613.5
1228,0,4.289999962,614
1229,0,4.320000172,614.5
1230,0,4.320000172,615
1231,0,4.380000114,615.5
1232,0,4.380000114,616
1233,0,4.420000076,616.5
1234,0,4.420000076,617
1235,0,4.440000057,617.5
1236,0,4.440000057,618
1237,0,4.460000038,618.5
1238,0,4.460000038,619
1239,0,4.489999771,619.5
1240,0,4.489999771,620
1241,0,4.570000172,620.5
1242,0,4.570000172,621
1243,0,4.619999886,621.5
1244,0,4.619999886,622
1245,0,4.630000114,622.5
1246,0,4.630000114,623
1247,0,4.630000114,623.5
1248,0,4.760000229,624
1249,0,4.760000229,624.5
1250,0,4.829999924,625
1251,0,4.829999924,625.5
1252,0,4.849999905,626
1253,0,4.800000191,626.5
1254,0,4.829999924,627
1255,0,4.829999924,627.5
1256,0,4.860000134,628
1257,0,4.860000134,628.5
1258,0,4.900000095,629
1259,0,4.900000095,629.5
1260,0,4.949999809,630
1261,0,4.949999809,630.5
1262,0,4.929999828,631
1263,0,4.929999828,631.5
1264,0,4.949999809,632
1265,0,4.949999809,632.5
1266,0,5,633
1267,0,5,633.5
1268,0,5.010000229,634
1269,0,5.010000229,634.5
1270,0,5.079999924,635
1271,0,5.079999924,635.5
1272,0,5.039999962,636
1273,0,5.039999962,636.5
1274,0,5.059999943,637
1275,0,5.059999943,637.5
1276,0,5.070000172,638
1277,0,5.070000172,638.5
1278,0,5.070000172,639
1279,0,5.070000172,639.5
1280,0,5.079999924,640
1281,0,5.079999924,640.5
1282,0,5.039999962,641
1283,0,5.039999962,641.5
1284,0,4.960000038,642
1285,0,4.960000038,642.5
1286,0,4.900000095,643
1287,0,4.900000095,643.5
1288,0,4.840000153,644
1289,0,4.840000153,644.5
1290,0,4.710000038,645
1291,0,4.71999979,645.5
1292,0,4.690000057,646
1293,0,4.690000057,646.5
1294,0,4.690000057,647
1295,0,4.610000134,647.5
1296,0,4.610000134,648
1297,0,4.550000191,648.5
1298,0,4.550000191,649
1299,0,4.53000021,649.5
1300,0,4.53000021,650
1301,0,4.480000019,650.5
1302,0,4.480000019,651
1303,0,4.449999809,651.5
1304,0,4.449999809,652
1305,0,4.420000076,652.5
1306,0,4.420000076,653
1307,0,4.349999905,653.5
1308,0,4.349999905,654
1309,0,4.329999924,654.5
1310,0,4.329999924,655
1311,0,4.28000021,655.5
1312,0,4.28000021,656
1313,0,4.28000021,656.5
1314,0,4.28000021,657
1315,0,4.199999809,657.5
1316,0,4.199999809,658
1317,0,4.150000095,658.5
1318,0,4.150000095,659
1319,0,4.119999886,659.5
1320,0,4.119999886,660
1321,0,4.070000172,660.5
1322,0,4.070000172,661
1323,0,4.039999962,661.5
1324,0,4.039999962,662
1325,0,4,662.5
1326,0,4,663
1327,0,3.940000057,663.5
1328,0,3.940000057,664
1329,0,3.890000105,664.5
1330,0,3.819999933,665
1331,0,3.75,665.5
1332,0,3.75,666
1333,0,3.650000095,666.5
1334,0,3.650000095,667
1335,0,3.579999924,667.5
1336,0,3.579999924,668
1337,0,3.539999962,668.5
1338,0,3.539999962,669
1339,0,3.430000067,669.5
1340,0,3.390000105,670
1341,0,3.390000105,670.5
1342,0,3.319999933,671
1343,0,3.319999933,671.5
1344,0,3.25999999,672
1345,0,3.25999999,672.5
1346,0,3.200000048,673
1347,0,3.200000048,673.5
1348,0,3.140000105,674
1349,0,3.140000105,674.5
1350,0,3.029999971,675
1351,0,3.029999971,675.5
1352,0,3.00999999,676
1353,0,3.00999999,676.5
1354,0,2.960000038,677
1355,0,2.960000038,677.5
1356,0,2.910000086,678
1357,0,2.910000086,678.5
1358,0,2.869999886,679
1359,0,2.849999905,679.5
1360,0,2.789999962,680
1361,0,2.789999962,680.5
1362,0,2.730000019,681
1363,0,2.730000019,681.5
1364,0,2.660000086,682
1365,0,2.660000086,682.5
1366,0,2.589999914,683
1367,0,2.589999914,683.5
1368,0,2.549999952,684
1369,0,2.529999971,684.5
1370,0,2.460000038,685
1371,0,2.460000038,685.5
1372,0,2.450000048,686
1373,0,2.450000048,686.5
1374,0,2.339999914,687
1375,0,2.339999914,687.5
1376,0,2.269999981,688
1377,0,2.269999981,688.5
1378,0,2.220000029,689
1379,0,2.230000019,689.5
1380,0,2.180000067,690
1381,0,2.180000067,690.5
1382,0,2.130000114,691
1383,0,2.130000114,691.5
1384,0,2.089999914,692
1385,0,2.089999914,692.5
1386,0,2.069999933,693
1387,0,2.069999933,693.5
1388,0,2.069999933,694
1389,0,2,694.5
1390,0,2,695
1391,0,1.919999957,695.5
1392,0,1.919999957,696
1393,0,1.850000024,696.5
1394,0,1.850000024,697
1395,0,1.720000029,697.5
1396,0,1.720000029,698
1397,0,1.629999995,698.5
1398,0,1.610000014,699
1399,0,1.519999981,699.5
1400,0,1.519999981,700
1401,0,1.450000048,700.5
1402,0,1.450000048,701
1403,0,1.389999986,701.5
1404,0,1.389999986,702
1405,0,1.25,702.5
1406,0,1.25,703
1407,0,1.200000048,703.5
1408,0,1.159999967,704
1409,0,1.149999976,704.5
1410,0,1.149999976,705
1411,0,1.080000043,705.5
1412,0,1.080000043,706
1413,0,1,706.5
1414,0,1,707
1415,0,0.930000007,707.5
1416,0,0.930000007,708
1417,0,0.899999976,708.5
1418,0,0.910000026,709
1419,0,0.980000019,709.5
1420,0,0.980000019,710
1421,0,0.980000019,710.5
1422,0,0.980000019,711
1423,0,0.949999988,711.5
1424,0,0.949999988,712
1425,0,0.930000007,712.5
1426,0,0.930000007,713
1427,0,0.860000014,713.5
1428,0,0.860000014,714
1429,0,0.860000014,714.5
1430,0,0.860000014,715
1431,0,0.800000012,715.5
1432,0,0.800000012,716
1433,0,0.800000012,716.5
1434,0,0.75,717
1435,0,0.75,717.5
1436,0,0.689999998,718
1437,0,0.699999988,718.5
1438,0,0.660000026,719
1439,0,0.660000026,719.5
1440,0,0.610000014,720
1441,0,0.610000014,720.5
1442,0,0.589999974,721
1443,0,0.589999974,721.5
1444,0,0.540000021,722
1445,0,0.540000021,722.5
,,,
,,,
,,,
,,,
,,,
,,,
,,,
,,,
,,,
,,,
,,,
,,,
,,,
,,,
,,,
,,,
,,,
,,,
,,,
,,,
,,,
,,,
,,,
,,,
,,,
,,,
,,,
,,,
,,,
,,,
,,,
,,,
,,,
,,,
,,,
,,,
,,,
,,,
,,,
,,,
,,,
,,,
,,,
,,,
,,,
,,,
,,,
,,,
,,,
,,,
,,,
,,,
,,,
,,,
,,,
,,,
,,,
,,,
,,,
,,,
,,,
,,,
,,,
,,,
,,,
,,,
,,,
,,,
,,,
,,,
,,,
,,,
,,,
,,,
,,,
,,,
,,,
,,,
,,,
,,,
,,,
,,,
,,,
,,,
,,,
,,,
,,,
,,,
,,,
,,,
,,,
,,,
,,,
,,,
,,,
,,,
,,,
,,,
,,,
,,,
,,,
,,,
,,,
,,,
,,,
,,,
,,,
,,,
,,,
,,,
,,,
,,,
,,,